{
  "configVersion": 1,
  "timestamp": 1640918462675,
  "index": "/index.html",
  "assetGroups": [
    {
      "name": "app",
      "installMode": "prefetch",
      "updateMode": "prefetch",
      "cacheQueryOptions": {
        "ignoreVary": true
      },
      "urls": [
        "/1033.87c857e352e70e1d.js",
        "/1118.be33e8202dcf391f.js",
        "/1217.b2a7cfc749c01b2a.js",
        "/1536.e5fa3e0432e3fa28.js",
        "/1650.bf018d046013ff77.js",
        "/1709.840fb5110b6ad22e.js",
        "/2073.6478d0680d3f6853.js",
        "/2080.83575056bd3f588a.js",
        "/2289.f456b9645632ee69.js",
        "/2349.de3531f6e01ca6aa.js",
        "/2442.a1202a1445a10b51.js",
        "/2698.8a067401c8d4b911.js",
        "/2705.97a4b665d2531977.js",
        "/2773.677c00bd587d765e.js",
        "/2933.9036dd9dbc88600c.js",
        "/3326.bc44c599f9c6029e.js",
        "/3583.a2034320d132ebae.js",
        "/3648.261219c9c820d56b.js",
        "/3802.874130dfa04d5182.js",
        "/3804.c6a7e7e7e6128305.js",
        "/388.eb47d939b668683a.js",
        "/410.2a84416b43e5f46c.js",
        "/4174.63e5db28d61c0d9d.js",
        "/4330.3b46e4abd61a7d4a.js",
        "/4376.93009e03d6d35d67.js",
        "/438.e458aa8ad2d4fb7c.js",
        "/4432.dee184998a8ef634.js",
        "/4711.1185e338656affc9.js",
        "/4753.4b5a1cf51871866c.js",
        "/4908.6b98c7fa199866b3.js",
        "/4959.3c0cafc6c754a424.js",
        "/5168.dc48f0b37c7edeab.js",
        "/53.a9560d86f7b5f1b7.js",
        "/5349.9c6e3c97b28a631c.js",
        "/5652.23a1057338ffe9fb.js",
        "/5836.35a992bb9c80f49e.js",
        "/6120.81fa8ac3b12d7059.js",
        "/6560.2bf3553bbd7bdfe5.js",
        "/657.cddbf4cccb9dff53.js",
        "/6708.b9988377c5250f22.js",
        "/7544.ed9384ec5239bf55.js",
        "/7602.a5b89206888439ea.js",
        "/7687.bdcbcc8e6009d942.js",
        "/7827.7805b54424abcbbc.js",
        "/8034.85bd83bf2471af20.js",
        "/8136.664dbb72462c448f.js",
        "/816.1d2fd4e2a30c0315.js",
        "/8628.49e31d6b18f8451a.js",
        "/8913.6fd8cdd0cd3200d8.js",
        "/8939.d856f966439bb58f.js",
        "/9016.3922df6c2bc6c9a9.js",
        "/9325.2832a78969fbd482.js",
        "/9434.c725935905b094e0.js",
        "/9536.9778841fbf3b656f.js",
        "/9654.62a9b1a92e1b3ef5.js",
        "/9824.a8cb63a2609f6a06.js",
        "/9922.216ea0720d0b0435.js",
        "/9958.04c27abf9425357b.js",
        "/common.1023fa49080644c4.js",
        "/index.html",
        "/main.624db6fd9c3d364c.js",
        "/manifest.webmanifest",
        "/polyfills-core-js.1bb5bf77264e16cc.js",
        "/polyfills-dom.99fc3ec789772867.js",
        "/polyfills.c5063f51525b94bf.js",
        "/runtime.ceb401a28feea470.js",
        "/styles.102b973212c342d8.css"
      ],
      "patterns": []
    },
    {
      "name": "assets",
      "installMode": "lazy",
      "updateMode": "prefetch",
      "cacheQueryOptions": {
        "ignoreVary": true
      },
      "urls": [
        "/assets/icon/favicon.png",
        "/assets/icon/favicon.svg",
        "/assets/icon/logo.svg",
        "/assets/icons/icon-128x128.png",
        "/assets/icons/icon-144x144.png",
        "/assets/icons/icon-152x152.png",
        "/assets/icons/icon-192x192.png",
        "/assets/icons/icon-384x384.png",
        "/assets/icons/icon-512x512.png",
        "/assets/icons/icon-72x72.png",
        "/assets/icons/icon-96x96.png",
        "/assets/shapes.svg",
        "/assets/svg/blanco.svg",
        "/assets/svg/blancoyNegro 2.svg",
        "/assets/svg/blancoyNegro.svg",
        "/assets/svg/iconmonstr-document-thin.svg",
        "/assets/svg/naranja con blanco 2.svg",
        "/assets/svg/naranja con blanco.svg",
        "/assets/svg/naranja.svg",
        "/assets/svg/naranja2.svg",
        "/assets/svg/negro y blanco 2.svg",
        "/assets/svg/negro y blanco.svg",
        "/assets/svg/undraw_Add_to_cart_re_wrdo.svg",
        "/assets/svg/undraw_Confirmation_re_b6q5.svg",
        "/assets/svg/undraw_Delivery_address_re_cjca.svg",
        "/assets/svg/undraw_Emails_re_cqen.svg",
        "/assets/svg/undraw_Mobile_login_re_9ntv.svg",
        "/assets/svg/undraw_On_the_way_re_swjt.svg",
        "/assets/svg/undraw_empty_re_opql.svg",
        "/assets/svg/undraw_my_location_re_r52x.svg",
        "/assets/svg/undraw_page_not_found_su7k.svg",
        "/assets/svg/undraw_synchronize_re_4irq.svg",
        "/assets/svg/undraw_warning_cyit.svg",
        "/assets/svg/userPreset.svg"
      ],
      "patterns": []
    }
  ],
  "dataGroups": [],
  "hashTable": {
    "/1033.87c857e352e70e1d.js": "61ca6134f1f8ba93793cb10eaf50fd750e9839f5",
    "/1118.be33e8202dcf391f.js": "087158ff658a0a29d90c3dea690830879d569d49",
    "/1217.b2a7cfc749c01b2a.js": "aa57f91654eb96a3f0b45ac7d44fad0f5ce30ec4",
    "/1536.e5fa3e0432e3fa28.js": "27a4e574524cac6ba4c43d9f9f43daa5700abb2a",
    "/1650.bf018d046013ff77.js": "8c8b31afe8f4e00c5d8a2e811c22e9a21016cc8e",
    "/1709.840fb5110b6ad22e.js": "954ed5d4f34bfa36fca02afd2e86e176c18bfc0e",
    "/2073.6478d0680d3f6853.js": "2152b162cf3fcc80f0c1f4e68ea5f50c95d72bb6",
    "/2080.83575056bd3f588a.js": "03300ae67cb2189acc9b2807e42420440a845c2b",
    "/2289.f456b9645632ee69.js": "9d1e5a211fa3b16df599d797e00303ce11d84219",
    "/2349.de3531f6e01ca6aa.js": "7f030d921a0f7d589cd3e822d9a511f59f9f11f7",
    "/2442.a1202a1445a10b51.js": "59276b91440e4f3f869e2501450982ca5a4df41b",
    "/2698.8a067401c8d4b911.js": "eac23aab4001ad04202806d6ad9fae6bc4fe00d6",
    "/2705.97a4b665d2531977.js": "a29da219247214c272e5287c1e999fe1b1e4de06",
    "/2773.677c00bd587d765e.js": "e4f7eca030fe6155c2741b7499cd0e1c0b579570",
    "/2933.9036dd9dbc88600c.js": "c5eeb9f50e6a3f084a189ed57a0c3f7c5cb8fc04",
    "/3326.bc44c599f9c6029e.js": "3241d0fd6ded350f71db416e3eda9bd59ce59cac",
    "/3583.a2034320d132ebae.js": "7dac3df2be02104489e0a7bea34c58cfca1ca2df",
    "/3648.261219c9c820d56b.js": "cb673fdd4ba9f4392722ea559b4338d7438008af",
    "/3802.874130dfa04d5182.js": "c66baebf388d8ac20db887fff640a036cfb094fd",
    "/3804.c6a7e7e7e6128305.js": "63a09afd561eec75d6d639595e4dddf088048251",
    "/388.eb47d939b668683a.js": "66ee38f65dbc1a9df13e1b8429efbc3fdd2ea9b4",
    "/410.2a84416b43e5f46c.js": "54f80141632c115b6d92d5660cd15e0db8cc1d1d",
    "/4174.63e5db28d61c0d9d.js": "5cc8cd2f87ef98e9364015fdc6301c3425acd32f",
    "/4330.3b46e4abd61a7d4a.js": "a4cbe14237bf0a9e042fcb4781e57172fea67171",
    "/4376.93009e03d6d35d67.js": "df7dd4252fd460395e3fdaf2f976363f8f691ca6",
    "/438.e458aa8ad2d4fb7c.js": "86fd9fbb378385cf5d7abae6b8876add572b1b25",
    "/4432.dee184998a8ef634.js": "c5ca2243e81e81ca4ba7a612234a01972eb88967",
    "/4711.1185e338656affc9.js": "f83bdb12bf003cbabf449e24f5e1d5da1520cef1",
    "/4753.4b5a1cf51871866c.js": "40ad616cc477d5f24a34d6b44f8f439cfba2d8d1",
    "/4908.6b98c7fa199866b3.js": "ddc6fe0f9ceeeb85a02ca1ee7d6a79fcf1d99c1a",
    "/4959.3c0cafc6c754a424.js": "d2417cf0ed3545150cc7c66f3e914c2d3b987258",
    "/5168.dc48f0b37c7edeab.js": "ecf17610b16c890d207c04e07cb272eef025abfe",
    "/53.a9560d86f7b5f1b7.js": "4778004d6c65a2a26f6b46a6907bd9a504c4d0f5",
    "/5349.9c6e3c97b28a631c.js": "7eb51bf41257701652574a375afcb9a755cd78ff",
    "/5652.23a1057338ffe9fb.js": "e9c9536cca0914493a9ed281c9f8d82d08103bff",
    "/5836.35a992bb9c80f49e.js": "d3ee1bb1d57b10b9e26447a0a27818729e69381d",
    "/6120.81fa8ac3b12d7059.js": "37e153fc5615a04aaacc8693aa61a0e33f3da430",
    "/6560.2bf3553bbd7bdfe5.js": "6217a22259dd0eedbb5febd2a1dad781a4245209",
    "/657.cddbf4cccb9dff53.js": "0665726ee5abf99cdf12caf20a27850e4a49b582",
    "/6708.b9988377c5250f22.js": "dbbe27dbc38b151fb2e734a834002f94400eeb48",
    "/7544.ed9384ec5239bf55.js": "8f6f549cc5c19c1cfe5c6b8ff8f0b9c85fbecf23",
    "/7602.a5b89206888439ea.js": "b3154746dba5e17835236afa7cf5b6e23aaf501c",
    "/7687.bdcbcc8e6009d942.js": "32d09ffc5f5d41ece148b2da1c1108002dc41c6d",
    "/7827.7805b54424abcbbc.js": "ff0d201a9e42f75ca13233a1d5f0e583ab71b328",
    "/8034.85bd83bf2471af20.js": "2aec454a5ae721a9574ed8ab403001dd1c7a9a1e",
    "/8136.664dbb72462c448f.js": "c7f1740bb1d920c708e868808efd177893ddcc62",
    "/816.1d2fd4e2a30c0315.js": "8332f805ab3de945a345827561304b2808499411",
    "/8628.49e31d6b18f8451a.js": "bc37e873032edaf0bd4d4334df73c6231ae301e6",
    "/8913.6fd8cdd0cd3200d8.js": "8beba645652470f8094f481096e7b9ad42ad4572",
    "/8939.d856f966439bb58f.js": "f85caf16d3c5e3323eb7d6f05881e99314c7f229",
    "/9016.3922df6c2bc6c9a9.js": "0d49d8811a162a6e3e19129083338feeca23be33",
    "/9325.2832a78969fbd482.js": "e2ac37d7c3b329207c98635b4c554165a0c64e88",
    "/9434.c725935905b094e0.js": "e2d851cd98e661aa1161667c42c9bacb75bfb918",
    "/9536.9778841fbf3b656f.js": "92c0fe65efbcb0d1eb686c5d52265e0ee4adc2f0",
    "/9654.62a9b1a92e1b3ef5.js": "7bcdf92d0e37fa37e07eea739137263986a70d41",
    "/9824.a8cb63a2609f6a06.js": "6c3ba96280762a5319732a8fa9a3e127aa55313e",
    "/9922.216ea0720d0b0435.js": "2ea3fd19c0b622c5131a6c7238f8d3ef0cd84218",
    "/9958.04c27abf9425357b.js": "dfc24ed7ad12031040a1072a9e30138bcd8c0920",
    "/assets/icon/favicon.png": "7798b8e0eb61d7375c245af78bbf5c916932bf13",
    "/assets/icon/favicon.svg": "d4e2edd997a5420056e0fd93a1a4ba80d0aeeb8b",
    "/assets/icon/logo.svg": "0e0124c1ecdb35faa96fcfc903b3c3ee417d9283",
    "/assets/icons/icon-128x128.png": "756b8a7a4a293b5ac9438d68ac822b89a82413bc",
    "/assets/icons/icon-144x144.png": "89574c5f64d5df4bd66e9320f5db0a531382bdc0",
    "/assets/icons/icon-152x152.png": "5c2b6ef4d7b7f636ed7a46ca68697c1e40f02812",
    "/assets/icons/icon-192x192.png": "d125a3a0ff746a5be3428716992503a812a73fb6",
    "/assets/icons/icon-384x384.png": "a931a598eed099914c91010a783c07b91183096c",
    "/assets/icons/icon-512x512.png": "65018cbab8bfd21e9d8337eaacb7a717ba8f57ce",
    "/assets/icons/icon-72x72.png": "f59108ed71e08ce4a0e32bd50df594264aebc509",
    "/assets/icons/icon-96x96.png": "53e02c5434bc7e549c1341e2c23688d4f8915c68",
    "/assets/shapes.svg": "638f87e27e6fc7ddfd6e6b262ea70d690f6c7011",
    "/assets/svg/blanco.svg": "5270506c8c69335017b8bdfcefca2d3d66f0d00e",
    "/assets/svg/blancoyNegro 2.svg": "0d63cbe05ff1171c3bc45729e47e402e2dc0ea91",
    "/assets/svg/blancoyNegro.svg": "9e9cdf5e42b1329eae2613315d864fc6d936b547",
    "/assets/svg/iconmonstr-document-thin.svg": "7b4209cf9a9a9c02da60118ac0b7979124b472f0",
    "/assets/svg/naranja con blanco 2.svg": "3cca6d53b700444444a1a102e0c1e2dbd1e9e6b2",
    "/assets/svg/naranja con blanco.svg": "9f2bb4f266da38609258bad86ae756fd0755da52",
    "/assets/svg/naranja.svg": "72c84c1e01bc889c09287384f2d8a39dfa0c7cdd",
    "/assets/svg/naranja2.svg": "e08a231c742e13fe51b154ff94b8b08bf8323daf",
    "/assets/svg/negro y blanco 2.svg": "f320cfa7e2b13ea52dba28bef07070cd2c15cc55",
    "/assets/svg/negro y blanco.svg": "67f874b83e11425443fc26d884e0f0f33dc72e11",
    "/assets/svg/undraw_Add_to_cart_re_wrdo.svg": "274facc6e0baeebb1308b066bc5f026bf2b0e5a3",
    "/assets/svg/undraw_Confirmation_re_b6q5.svg": "68f1fed39f9a62d9a3728a944381a088c1f342e0",
    "/assets/svg/undraw_Delivery_address_re_cjca.svg": "4b5e1d1b8d9c6ffa8604b66401a2ba40a78d6a20",
    "/assets/svg/undraw_Emails_re_cqen.svg": "3e97eaf667d0a17349e6fdb79b701b24999a698b",
    "/assets/svg/undraw_Mobile_login_re_9ntv.svg": "2657207da2659f4cc51e8ae57985e08fbae3b75b",
    "/assets/svg/undraw_On_the_way_re_swjt.svg": "6fb4e4d27ba44fc22dad72e16abd6894c16c65b5",
    "/assets/svg/undraw_empty_re_opql.svg": "2f665323eee48e8b0b28ad292e4006bebef0bf26",
    "/assets/svg/undraw_my_location_re_r52x.svg": "b13d5c0320795c1489e8038fe6dc84d1820630fc",
    "/assets/svg/undraw_page_not_found_su7k.svg": "cb1d6ebb12acd9974200cb97c179541d3d2bd191",
    "/assets/svg/undraw_synchronize_re_4irq.svg": "d65d7f0a4f4628cfb66d1f796db1b448e2f9c756",
    "/assets/svg/undraw_warning_cyit.svg": "e57f4386d76d809605bc7efbbf94068d356775e3",
    "/assets/svg/userPreset.svg": "ee5b17a0dbf97df17fac26016c34afe44827fcb2",
    "/common.1023fa49080644c4.js": "ffa06cf46d63bf68afe4adf73bb4624d5afd801a",
    "/index.html": "668754378199c566add48a2b2007664773136b60",
    "/main.624db6fd9c3d364c.js": "8f91aceb75fa9ce55dc996a77fdc676193c883fa",
    "/manifest.webmanifest": "da2061dba175bf2d881980e8596ff5343e2dd7b6",
    "/polyfills-core-js.1bb5bf77264e16cc.js": "74f73ddfbee814abfb2702e1dd9ca4c9ddb994c5",
    "/polyfills-dom.99fc3ec789772867.js": "4dde00ede9ac211c80eb4b5ad1b49c978c87be0f",
    "/polyfills.c5063f51525b94bf.js": "ac55c71b5d46092b985dfa399adccdf11b6140f4",
    "/runtime.ceb401a28feea470.js": "f527a0f063ad1189300b064dcc819b08cf4b6a4f",
    "/styles.102b973212c342d8.css": "889803cf0298e632ec5f8e40437374bc709e14a3"
  },
  "navigationUrls": [
    {
      "positive": true,
      "regex": "^\\/.*$"
    },
    {
      "positive": false,
      "regex": "^\\/(?:.+\\/)?[^/]*\\.[^/]*$"
    },
    {
      "positive": false,
      "regex": "^\\/(?:.+\\/)?[^/]*__[^/]*$"
    },
    {
      "positive": false,
      "regex": "^\\/(?:.+\\/)?[^/]*__[^/]*\\/.*$"
    }
  ],
  "navigationRequestStrategy": "performance"
}