{
  "configVersion": 1,
  "timestamp": 1645713545370,
  "index": "/index.html",
  "assetGroups": [
    {
      "name": "app",
      "installMode": "prefetch",
      "updateMode": "prefetch",
      "cacheQueryOptions": {
        "ignoreVary": true
      },
      "urls": [
        "/1033.87c857e352e70e1d.js",
        "/1118.be33e8202dcf391f.js",
        "/1217.9ba9e1cb6c875810.js",
        "/1536.749cf0130de1930d.js",
        "/1650.fc58e0e377205b2f.js",
        "/1709.ee1d5b24700b3a17.js",
        "/2073.106453293390c0e5.js",
        "/2080.3bebf193c8237c22.js",
        "/2125.0c5165dc5d41e3c2.js",
        "/2289.28742f256c4ddf73.js",
        "/2349.de3531f6e01ca6aa.js",
        "/2442.a1202a1445a10b51.js",
        "/2698.8a067401c8d4b911.js",
        "/2705.209cd4f123461c5d.js",
        "/2773.c8d4a80f92729c79.js",
        "/2933.24297cf4aa7cdfa8.js",
        "/3326.ab743f53334517e0.js",
        "/3583.0c3968bf349a1086.js",
        "/3648.261219c9c820d56b.js",
        "/3802.874130dfa04d5182.js",
        "/3804.c6a7e7e7e6128305.js",
        "/388.eb47d939b668683a.js",
        "/410.2a84416b43e5f46c.js",
        "/4174.63e5db28d61c0d9d.js",
        "/4330.6f50490503a6b158.js",
        "/4376.93009e03d6d35d67.js",
        "/438.e458aa8ad2d4fb7c.js",
        "/4432.03b893e469d443a4.js",
        "/4711.a0a2f2fe60a8c390.js",
        "/4753.4b5a1cf51871866c.js",
        "/4908.6b98c7fa199866b3.js",
        "/4959.5c95526df836b947.js",
        "/5168.5f28d7aafa4daf2f.js",
        "/53.e0e9b2c8437da60e.js",
        "/5349.a0daae468b6001ab.js",
        "/5652.23a1057338ffe9fb.js",
        "/5836.1a5323c545318a6d.js",
        "/6120.81fa8ac3b12d7059.js",
        "/6560.c10166aee9f91e9d.js",
        "/657.cddbf4cccb9dff53.js",
        "/6708.0cb1c22945fcfb50.js",
        "/6865.405592d8951d089a.js",
        "/7544.ed9384ec5239bf55.js",
        "/7602.a5b89206888439ea.js",
        "/8034.559846ad726ea317.js",
        "/8136.4646c06968829017.js",
        "/816.2a80dad9e4431b4e.js",
        "/8628.718904f08b4c1964.js",
        "/8783.5efd7bd6515ef927.js",
        "/8913.f5e7f7e28f62b176.js",
        "/8939.d856f966439bb58f.js",
        "/9016.3922df6c2bc6c9a9.js",
        "/9325.a8f6cf252885e268.js",
        "/9434.c725935905b094e0.js",
        "/9536.d2e5dd02e3634ac7.js",
        "/9654.f61d2ce0971ca0fc.js",
        "/9824.a8cb63a2609f6a06.js",
        "/9922.216ea0720d0b0435.js",
        "/9958.a5dde9794c4e0ad3.js",
        "/common.1023fa49080644c4.js",
        "/index.html",
        "/main.4e38718ccb8ef0de.js",
        "/manifest.webmanifest",
        "/polyfills-core-js.1bb5bf77264e16cc.js",
        "/polyfills-dom.99fc3ec789772867.js",
        "/polyfills.c5063f51525b94bf.js",
        "/runtime.4cc2b03a3d9ab34b.js",
        "/styles.102b973212c342d8.css"
      ],
      "patterns": []
    },
    {
      "name": "assets",
      "installMode": "lazy",
      "updateMode": "prefetch",
      "cacheQueryOptions": {
        "ignoreVary": true
      },
      "urls": [
        "/assets/0c1185a5-c58c-41ba-b48b-b0c2d6d37c4b.jpg",
        "/assets/58b49200-c0fc-4b69-af8c-018c91bea5f1.jpg",
        "/assets/Screenshot_3.png",
        "/assets/css/devices.css",
        "/assets/icon/favicon.png",
        "/assets/icon/favicon.svg",
        "/assets/icon/logo.svg",
        "/assets/icons/icon-128x128.png",
        "/assets/icons/icon-144x144.png",
        "/assets/icons/icon-152x152.png",
        "/assets/icons/icon-192x192.png",
        "/assets/icons/icon-384x384.png",
        "/assets/icons/icon-512x512.png",
        "/assets/icons/icon-72x72.png",
        "/assets/icons/icon-96x96.png",
        "/assets/shapes.svg",
        "/assets/svg/banner.svg",
        "/assets/svg/blanco.svg",
        "/assets/svg/blancoyNegro 2.svg",
        "/assets/svg/blancoyNegro.svg",
        "/assets/svg/iconmonstr-document-thin.svg",
        "/assets/svg/naranja con blanco 2.svg",
        "/assets/svg/naranja con blanco.svg",
        "/assets/svg/naranja.svg",
        "/assets/svg/naranja2.svg",
        "/assets/svg/negro y blanco 2.svg",
        "/assets/svg/negro y blanco.svg",
        "/assets/svg/undraw_Confirmation_re_b6q5.svg",
        "/assets/svg/undraw_Delivery_address_re_cjca.svg",
        "/assets/svg/undraw_Emails_re_cqen.svg",
        "/assets/svg/undraw_Mobile_login_re_9ntv.svg",
        "/assets/svg/undraw_On_the_way_re_swjt.svg",
        "/assets/svg/undraw_arrived_re_t2bw.svg",
        "/assets/svg/undraw_empty_re_opql.svg",
        "/assets/svg/undraw_finance_re_gnv2.svg",
        "/assets/svg/undraw_my_location_re_r52x.svg",
        "/assets/svg/undraw_order_delivered_re_v4ab.svg",
        "/assets/svg/undraw_package_arrived_63rf.svg",
        "/assets/svg/undraw_page_not_found_su7k.svg",
        "/assets/svg/undraw_success_factors_re_ce93.svg",
        "/assets/svg/undraw_synchronize_re_4irq.svg",
        "/assets/svg/undraw_wallet_aym5.svg",
        "/assets/svg/undraw_warning_cyit.svg",
        "/assets/svg/userPreset.svg"
      ],
      "patterns": []
    }
  ],
  "dataGroups": [],
  "hashTable": {
    "/1033.87c857e352e70e1d.js": "61ca6134f1f8ba93793cb10eaf50fd750e9839f5",
    "/1118.be33e8202dcf391f.js": "087158ff658a0a29d90c3dea690830879d569d49",
    "/1217.9ba9e1cb6c875810.js": "aa57f91654eb96a3f0b45ac7d44fad0f5ce30ec4",
    "/1536.749cf0130de1930d.js": "27a4e574524cac6ba4c43d9f9f43daa5700abb2a",
    "/1650.fc58e0e377205b2f.js": "8c8b31afe8f4e00c5d8a2e811c22e9a21016cc8e",
    "/1709.ee1d5b24700b3a17.js": "00b5580e173933d99e4ce37dccd959e2ff524811",
    "/2073.106453293390c0e5.js": "2152b162cf3fcc80f0c1f4e68ea5f50c95d72bb6",
    "/2080.3bebf193c8237c22.js": "d75579a387412859563b328a3b223ba3246ebdea",
    "/2125.0c5165dc5d41e3c2.js": "78abac9ffb28852cf5fe13759c4ba09ceab04c44",
    "/2289.28742f256c4ddf73.js": "42ebb3e1fa2aa4dab3c2bb3729daf882f06e7435",
    "/2349.de3531f6e01ca6aa.js": "7f030d921a0f7d589cd3e822d9a511f59f9f11f7",
    "/2442.a1202a1445a10b51.js": "59276b91440e4f3f869e2501450982ca5a4df41b",
    "/2698.8a067401c8d4b911.js": "eac23aab4001ad04202806d6ad9fae6bc4fe00d6",
    "/2705.209cd4f123461c5d.js": "120f749d66db5486b59b4ca43c732d0e830b9be1",
    "/2773.c8d4a80f92729c79.js": "e4f7eca030fe6155c2741b7499cd0e1c0b579570",
    "/2933.24297cf4aa7cdfa8.js": "38594929756c296a8b4c5f4f45fb0a1d1c2282ab",
    "/3326.ab743f53334517e0.js": "3241d0fd6ded350f71db416e3eda9bd59ce59cac",
    "/3583.0c3968bf349a1086.js": "6c272b4b9f87ccb7ef6c345dfb92ed212b8825c4",
    "/3648.261219c9c820d56b.js": "cb673fdd4ba9f4392722ea559b4338d7438008af",
    "/3802.874130dfa04d5182.js": "c66baebf388d8ac20db887fff640a036cfb094fd",
    "/3804.c6a7e7e7e6128305.js": "63a09afd561eec75d6d639595e4dddf088048251",
    "/388.eb47d939b668683a.js": "66ee38f65dbc1a9df13e1b8429efbc3fdd2ea9b4",
    "/410.2a84416b43e5f46c.js": "54f80141632c115b6d92d5660cd15e0db8cc1d1d",
    "/4174.63e5db28d61c0d9d.js": "5cc8cd2f87ef98e9364015fdc6301c3425acd32f",
    "/4330.6f50490503a6b158.js": "c4a5635b9bfa2b81534d115153bf400ff52f3e02",
    "/4376.93009e03d6d35d67.js": "df7dd4252fd460395e3fdaf2f976363f8f691ca6",
    "/438.e458aa8ad2d4fb7c.js": "86fd9fbb378385cf5d7abae6b8876add572b1b25",
    "/4432.03b893e469d443a4.js": "c5ca2243e81e81ca4ba7a612234a01972eb88967",
    "/4711.a0a2f2fe60a8c390.js": "d9165f0d7f2a31844488112ab6b9f143c22e3093",
    "/4753.4b5a1cf51871866c.js": "40ad616cc477d5f24a34d6b44f8f439cfba2d8d1",
    "/4908.6b98c7fa199866b3.js": "ddc6fe0f9ceeeb85a02ca1ee7d6a79fcf1d99c1a",
    "/4959.5c95526df836b947.js": "d2417cf0ed3545150cc7c66f3e914c2d3b987258",
    "/5168.5f28d7aafa4daf2f.js": "ecf17610b16c890d207c04e07cb272eef025abfe",
    "/53.e0e9b2c8437da60e.js": "4778004d6c65a2a26f6b46a6907bd9a504c4d0f5",
    "/5349.a0daae468b6001ab.js": "88146c7221da297997a197e06816710e10ea49df",
    "/5652.23a1057338ffe9fb.js": "e9c9536cca0914493a9ed281c9f8d82d08103bff",
    "/5836.1a5323c545318a6d.js": "d3ee1bb1d57b10b9e26447a0a27818729e69381d",
    "/6120.81fa8ac3b12d7059.js": "37e153fc5615a04aaacc8693aa61a0e33f3da430",
    "/6560.c10166aee9f91e9d.js": "4034e4ec4321b4ba4a595d49a41c208a64cf356b",
    "/657.cddbf4cccb9dff53.js": "0665726ee5abf99cdf12caf20a27850e4a49b582",
    "/6708.0cb1c22945fcfb50.js": "896a873ba9585706dedc99696d1b7c2fdd2b0bc1",
    "/6865.405592d8951d089a.js": "c99b0fa39c3266281ed52cc60cff0e073cf49458",
    "/7544.ed9384ec5239bf55.js": "8f6f549cc5c19c1cfe5c6b8ff8f0b9c85fbecf23",
    "/7602.a5b89206888439ea.js": "b3154746dba5e17835236afa7cf5b6e23aaf501c",
    "/8034.559846ad726ea317.js": "2aec454a5ae721a9574ed8ab403001dd1c7a9a1e",
    "/8136.4646c06968829017.js": "c7f1740bb1d920c708e868808efd177893ddcc62",
    "/816.2a80dad9e4431b4e.js": "a617aade1f967410be2eebf0a185d59521921920",
    "/8628.718904f08b4c1964.js": "bc37e873032edaf0bd4d4334df73c6231ae301e6",
    "/8783.5efd7bd6515ef927.js": "eed8e49e0fa963ca2624615bd6ebcc0f07c4b822",
    "/8913.f5e7f7e28f62b176.js": "8beba645652470f8094f481096e7b9ad42ad4572",
    "/8939.d856f966439bb58f.js": "f85caf16d3c5e3323eb7d6f05881e99314c7f229",
    "/9016.3922df6c2bc6c9a9.js": "0d49d8811a162a6e3e19129083338feeca23be33",
    "/9325.a8f6cf252885e268.js": "e2ac37d7c3b329207c98635b4c554165a0c64e88",
    "/9434.c725935905b094e0.js": "e2d851cd98e661aa1161667c42c9bacb75bfb918",
    "/9536.d2e5dd02e3634ac7.js": "92c0fe65efbcb0d1eb686c5d52265e0ee4adc2f0",
    "/9654.f61d2ce0971ca0fc.js": "7bcdf92d0e37fa37e07eea739137263986a70d41",
    "/9824.a8cb63a2609f6a06.js": "6c3ba96280762a5319732a8fa9a3e127aa55313e",
    "/9922.216ea0720d0b0435.js": "2ea3fd19c0b622c5131a6c7238f8d3ef0cd84218",
    "/9958.a5dde9794c4e0ad3.js": "8a73cc850d10129b16d8a703ac03a08af89f8aa3",
    "/assets/0c1185a5-c58c-41ba-b48b-b0c2d6d37c4b.jpg": "9c681c4ea25e8da7e216a6eb6652cffedc31298f",
    "/assets/58b49200-c0fc-4b69-af8c-018c91bea5f1.jpg": "001bc6ff11641dc5b72a4eb1725ed09e5916b076",
    "/assets/Screenshot_3.png": "a2532cef913195928108a0a4d30dbd175dddd56b",
    "/assets/css/devices.css": "71c75ddd7759f739ad7781dfe41860303d9f383a",
    "/assets/icon/favicon.png": "7798b8e0eb61d7375c245af78bbf5c916932bf13",
    "/assets/icon/favicon.svg": "d4e2edd997a5420056e0fd93a1a4ba80d0aeeb8b",
    "/assets/icon/logo.svg": "0e0124c1ecdb35faa96fcfc903b3c3ee417d9283",
    "/assets/icons/icon-128x128.png": "756b8a7a4a293b5ac9438d68ac822b89a82413bc",
    "/assets/icons/icon-144x144.png": "89574c5f64d5df4bd66e9320f5db0a531382bdc0",
    "/assets/icons/icon-152x152.png": "5c2b6ef4d7b7f636ed7a46ca68697c1e40f02812",
    "/assets/icons/icon-192x192.png": "d125a3a0ff746a5be3428716992503a812a73fb6",
    "/assets/icons/icon-384x384.png": "a931a598eed099914c91010a783c07b91183096c",
    "/assets/icons/icon-512x512.png": "65018cbab8bfd21e9d8337eaacb7a717ba8f57ce",
    "/assets/icons/icon-72x72.png": "f59108ed71e08ce4a0e32bd50df594264aebc509",
    "/assets/icons/icon-96x96.png": "53e02c5434bc7e549c1341e2c23688d4f8915c68",
    "/assets/shapes.svg": "638f87e27e6fc7ddfd6e6b262ea70d690f6c7011",
    "/assets/svg/banner.svg": "523cc29bdbe8963440d226a9155b160a7c7a94fd",
    "/assets/svg/blanco.svg": "5270506c8c69335017b8bdfcefca2d3d66f0d00e",
    "/assets/svg/blancoyNegro 2.svg": "0d63cbe05ff1171c3bc45729e47e402e2dc0ea91",
    "/assets/svg/blancoyNegro.svg": "9e9cdf5e42b1329eae2613315d864fc6d936b547",
    "/assets/svg/iconmonstr-document-thin.svg": "7b4209cf9a9a9c02da60118ac0b7979124b472f0",
    "/assets/svg/naranja con blanco 2.svg": "3cca6d53b700444444a1a102e0c1e2dbd1e9e6b2",
    "/assets/svg/naranja con blanco.svg": "9f2bb4f266da38609258bad86ae756fd0755da52",
    "/assets/svg/naranja.svg": "72c84c1e01bc889c09287384f2d8a39dfa0c7cdd",
    "/assets/svg/naranja2.svg": "e08a231c742e13fe51b154ff94b8b08bf8323daf",
    "/assets/svg/negro y blanco 2.svg": "f320cfa7e2b13ea52dba28bef07070cd2c15cc55",
    "/assets/svg/negro y blanco.svg": "67f874b83e11425443fc26d884e0f0f33dc72e11",
    "/assets/svg/undraw_Confirmation_re_b6q5.svg": "68f1fed39f9a62d9a3728a944381a088c1f342e0",
    "/assets/svg/undraw_Delivery_address_re_cjca.svg": "4b5e1d1b8d9c6ffa8604b66401a2ba40a78d6a20",
    "/assets/svg/undraw_Emails_re_cqen.svg": "3e97eaf667d0a17349e6fdb79b701b24999a698b",
    "/assets/svg/undraw_Mobile_login_re_9ntv.svg": "2657207da2659f4cc51e8ae57985e08fbae3b75b",
    "/assets/svg/undraw_On_the_way_re_swjt.svg": "6fb4e4d27ba44fc22dad72e16abd6894c16c65b5",
    "/assets/svg/undraw_arrived_re_t2bw.svg": "299e3c7278b85b1bf83ef1033424edaf79210f18",
    "/assets/svg/undraw_empty_re_opql.svg": "2f665323eee48e8b0b28ad292e4006bebef0bf26",
    "/assets/svg/undraw_finance_re_gnv2.svg": "d919aa8c7da4536826f8d88599556a67ee327cbd",
    "/assets/svg/undraw_my_location_re_r52x.svg": "b13d5c0320795c1489e8038fe6dc84d1820630fc",
    "/assets/svg/undraw_order_delivered_re_v4ab.svg": "919a78f443b31ec579aea6123dcbbad4362c88d8",
    "/assets/svg/undraw_package_arrived_63rf.svg": "bffce244a591d90991156baff255ce715ced376c",
    "/assets/svg/undraw_page_not_found_su7k.svg": "cb1d6ebb12acd9974200cb97c179541d3d2bd191",
    "/assets/svg/undraw_success_factors_re_ce93.svg": "3ffc7b5ac308d4a742c95ae0dad7cbad5aae357f",
    "/assets/svg/undraw_synchronize_re_4irq.svg": "d65d7f0a4f4628cfb66d1f796db1b448e2f9c756",
    "/assets/svg/undraw_wallet_aym5.svg": "ff7b8e9628ad4e876d504200b6103925b5c19a7a",
    "/assets/svg/undraw_warning_cyit.svg": "e57f4386d76d809605bc7efbbf94068d356775e3",
    "/assets/svg/userPreset.svg": "ee5b17a0dbf97df17fac26016c34afe44827fcb2",
    "/common.1023fa49080644c4.js": "ffa06cf46d63bf68afe4adf73bb4624d5afd801a",
    "/index.html": "e6fbae5491d5cc30b993049d11201d92b1bdd375",
    "/main.4e38718ccb8ef0de.js": "d2a437c9e743d89ea6f7371e80706522ca143071",
    "/manifest.webmanifest": "a846f845c430b358042b83949a7ad662a94d6fa6",
    "/polyfills-core-js.1bb5bf77264e16cc.js": "74f73ddfbee814abfb2702e1dd9ca4c9ddb994c5",
    "/polyfills-dom.99fc3ec789772867.js": "4dde00ede9ac211c80eb4b5ad1b49c978c87be0f",
    "/polyfills.c5063f51525b94bf.js": "ac55c71b5d46092b985dfa399adccdf11b6140f4",
    "/runtime.4cc2b03a3d9ab34b.js": "fdff7135c16be7c07d2d847de2faf5956dbdae14",
    "/styles.102b973212c342d8.css": "889803cf0298e632ec5f8e40437374bc709e14a3"
  },
  "navigationUrls": [
    {
      "positive": true,
      "regex": "^\\/.*$"
    },
    {
      "positive": false,
      "regex": "^\\/(?:.+\\/)?[^/]*\\.[^/]*$"
    },
    {
      "positive": false,
      "regex": "^\\/(?:.+\\/)?[^/]*__[^/]*$"
    },
    {
      "positive": false,
      "regex": "^\\/(?:.+\\/)?[^/]*__[^/]*\\/.*$"
    }
  ],
  "navigationRequestStrategy": "performance"
}